filename,seamless
tile_12.png,
tile_13.png,
tile_14.png,
tile_15.png,
tile_2.png,
tile_3.png,
tile_4.png,
tile_5.png,
tile_6.png,
tile_7.png,
tile_8.png,
tile_821.png,
tile_822.png,
tile_823.png,
tile_824.png,
tile_825.png,
tile_826.png,
tile_827.png,
tile_828.png,
tile_829.png,
tile_830.png,
tile_831.png,
tile_832.png,
tile_833.png,
tile_834.png,
tile_835.png,
tile_836.png,
tile_837.png,
tile_838.png,
tile_9.png,
tile_951.png,
tile_952.png,
tile_953.png,
tile_954.png,
tile_955.png,
tile_956.png,
tile_957.png,
tile_958.png,
tile_959.png,
tile_960.png,
tile_961.png,
tile_962.png,
tile_963.png,
tile_964.png,
tile_965.png,
tile_966.png,
tile_967.png,
tile_968.png,
tile_969.png,
tile_970.png,
tile_971.png,
tile_972.png,
tile_973.png,
tile_974.png,
